query,count
iphone 15,45222
iphone charger,44300
python tutorial,43112
machine learning,38290
iphone 15 pro,37780
iphone case,36520
python interview questions,35100
machine learning course,34210
chatgpt prompts,33850
chatgpt login,33140
air fryer recipes,32840
amazon prime video,32210
apple watch bands,31890
aws certification,31540
aws console,31210
best laptops 2026,30880
best budget phone,30410
bitcoin price,30120
canada visa,29770
credit card offers,29410
data structures,29150
deep learning tutorial,28890
digital marketing,28610
docker compose,28340
electric scooter,27920
fifa world cup,27650
flight tickets delhi,27330
gmail sign in,27040
golang tutorial,26780
google maps,26420
healthy breakfast,26110
hiking shoes,25790
home workout,25440
hotel booking,25170
instagram reels,24880
javascript array methods,24560
kubernetes tutorial,24270
linkedin jobs,23990
macbook air m4,23640
mortgage calculator,23310
netflix movies,22980
openai api,22690
pancake recipe,22340
postgresql joins,22050
project management,21710
react interview questions,21440
redis caching,21180
resume template,20890
running shoes men,20620
salary calculator,20370
sql practice questions,20010
stock market news,19740
summer outfits,19480
tax filing 2026,19160
tesla model 3,18830
travel insurance,18550
typescript generics,18240
weather tomorrow,17920
whey protein,17680
youtube music,17390
iphone 15 review,16850
iphone wallpaper,16540
machine learning roadmap,16220
python list comprehension,15980
redis interview questions,15740
python projects for beginners,15580
python pandas tutorial,15420
python flask api,15290
python dictionary comprehension,15140
python data classes,14990
machine learning projects,14840
machine learning engineer roadmap,14680
machine learning interview questions,14510
machine learning algorithms,14390
java tutorial,14250
java interview questions,14110
java stream api,13980
java spring boot,13840
java collections framework,13720
javascript tutorial,13590
javascript promises,13470
javascript interview questions,13320
javascript fetch api,13180
javascript event loop,13060
react hooks,12940
react router,12820
react projects,12710
react native tutorial,12600
react state management,12470
aws s3 tutorial,12340
aws lambda tutorial,12210
aws ec2 pricing,12120
aws interview questions,12010
docker tutorial,11890
docker interview questions,11780
dockerfile example,11640
docker networking,11510
redis pub sub,11390
redis vs memcached,11280
redis streams tutorial,11160
redis ttl example,11030
sql joins explained,10940
sql interview questions,10820
sql window functions,10710
sql query practice,10580
sql group by example,10470
data analyst jobs,10360
data science course,10240
data visualization tutorial,10130
data engineer roadmap,10010
data science interview questions,9890
resume format for freshers,9780
resume summary examples,9670
resume headline for software engineer,9560
resume skills for data analyst,9450
jobs near me,9340
jobs for freshers,9230
jobs in bangalore,9120
jobs in hyderabad,9010
flights to dubai,8900
flights to mumbai,8790
flights from delhi to goa,8680
flights from bangalore to pune,8570
hotels in mumbai,8460
hotels in goa,8350
hotels near airport,8240
hotels in jaipur,8130
recipes for dinner,8020
recipes for lunch,7910
recipes with chicken,7800
recipes for weight loss,7690
fitness tips for beginners,7580
fitness workout plan,7470
fitness tracker watch,7360
fitness motivation quotes,7250
finance news today,7140
finance interview questions,7030
finance calculator,6920
finance management basics,6810
movies releasing this weekend,6700
movies to watch with family,6590
movies on netflix,6480
movies based on true stories,6370
music for studying,6260
music production software,6150
music playlist for gym,6040
music theory for beginners,5930
iphone 16 rumors,5820
iphone 15 battery health,5710
iphone 15 screen protector,5600
iphone charger cable,5490
python numpy tutorial,5380
python string methods,5270
python api tutorial,5160
machine learning model deployment,5050
machine learning with python,4940
java multithreading tutorial,4830
java exception handling,4720
javascript dom manipulation,4610
javascript string methods,4500
react component lifecycle,4390
react useeffect example,4280
aws cloud practitioner notes,4170
aws vpc tutorial,4060
docker volumes example,3950
docker swarm tutorial,3840
redis cache invalidation,3730
redis data types,3620
sql case when example,3510
sql subquery examples,3400
data cleaning in excel,3290
data pipeline architecture,3180
resume builder free,3070
resume objective examples,2960
jobs after mba,2850
jobs for python developers,2740
flights to singapore,2630
flights to bali,2520
hotels in delhi,2410
hotels with pool,2300
recipes with paneer,2190
recipes for breakfast,2080
fitness app for women,1970
fitness app for men,1860
finance books for beginners,1750
finance planning checklist,1640
movies like inception,1530
movies for date night,1420
music download app,1310
music festival tickets,1200
java backend developer roadmap,1090
javascript project ideas,980
react portfolio website,960
aws certification path,940
docker desktop alternatives,920
redis sorted set example,900
sql schema design,880
data analytics project ideas,860
resume cover letter examples,840
